{
  "dni": {
    "precision": 0.9378238341968912,
    "recall": 0.9836956521739131,
    "f1-score": 0.960212201591512,
    "support": 184
  },
  "name": {
    "precision": 0.9447415329768271,
    "recall": 0.9137931034482759,
    "f1-score": 0.9290096406660824,
    "support": 580
  },
  "service": {
    "precision": 0.8018018018018018,
    "recall": 0.956989247311828,
    "f1-score": 0.8725490196078431,
    "support": 93
  },
  "start_time": {
    "precision": 0.9186046511627907,
    "recall": 1.0,
    "f1-score": 0.9575757575757576,
    "support": 79
  },
  "email": {
    "precision": 1.0,
    "recall": 0.9880239520958084,
    "f1-score": 0.9939759036144578,
    "support": 167
  },
  "micro avg": {
    "precision": 0.9354838709677419,
    "recall": 0.9465095194922938,
    "f1-score": 0.9409643983776477,
    "support": 1103
  },
  "macro avg": {
    "precision": 0.920594364027662,
    "recall": 0.9685003910059651,
    "f1-score": 0.9426645046111306,
    "support": 1103
  },
  "weighted avg": {
    "precision": 0.9380299271334683,
    "recall": 0.9465095194922938,
    "f1-score": 0.9413364970578374,
    "support": 1103
  }
}