{
  "dni": {
    "precision": 0.9859013091641491,
    "recall": 0.9969450101832994,
    "f1-score": 0.9913924050632913,
    "support": 982
  },
  "name": {
    "precision": 0.9311827956989247,
    "recall": 0.914466737064414,
    "f1-score": 0.9227490676611614,
    "support": 947
  },
  "start_time": {
    "precision": 0.9807383627608347,
    "recall": 1.0,
    "f1-score": 0.9902755267423015,
    "support": 611
  },
  "service": {
    "precision": 0.8473684210526315,
    "recall": 0.9442815249266863,
    "f1-score": 0.8932038834951457,
    "support": 341
  },
  "email": {
    "precision": 0.986321094312455,
    "recall": 0.9978150036416606,
    "f1-score": 0.9920347574221579,
    "support": 1373
  },
  "micro avg": {
    "precision": 0.961297798377752,
    "recall": 0.9750822755054067,
    "f1-score": 0.9681409732757614,
    "support": 4254
  },
  "macro avg": {
    "precision": 0.946302396597799,
    "recall": 0.970701655163212,
    "f1-score": 0.9579311280768115,
    "support": 4254
  },
  "weighted avg": {
    "precision": 0.9620093622103651,
    "recall": 0.9750822755054067,
    "f1-score": 0.9682875650915106,
    "support": 4254
  }
}