{
  "email": {
    "precision": 0.9714867617107943,
    "recall": 0.9916839916839917,
    "f1-score": 0.9814814814814815,
    "support": 1443
  },
  "name": {
    "precision": 0.9397089397089398,
    "recall": 0.9168356997971603,
    "f1-score": 0.9281314168377824,
    "support": 986
  },
  "service": {
    "precision": 0.8812949640287769,
    "recall": 0.9007352941176471,
    "f1-score": 0.890909090909091,
    "support": 272
  },
  "dni": {
    "precision": 0.9838709677419355,
    "recall": 1.0,
    "f1-score": 0.991869918699187,
    "support": 854
  },
  "start_time": {
    "precision": 0.9823151125401929,
    "recall": 1.0,
    "f1-score": 0.9910786699107866,
    "support": 611
  },
  "micro avg": {
    "precision": 0.9624078039495598,
    "recall": 0.9709553528564571,
    "f1-score": 0.9666626837137053,
    "support": 4166
  },
  "macro avg": {
    "precision": 0.9517353491461279,
    "recall": 0.9618509971197599,
    "f1-score": 0.9566941155676657,
    "support": 4166
  },
  "weighted avg": {
    "precision": 0.962203788317616,
    "recall": 0.9709553528564571,
    "f1-score": 0.9664783018222997,
    "support": 4166
  }
}