{
  "dni": {
    "precision": 0.9908814589665653,
    "recall": 0.9959266802443992,
    "f1-score": 0.9933976637887253,
    "support": 982
  },
  "email": {
    "precision": 0.9906137184115523,
    "recall": 0.9992716678805535,
    "f1-score": 0.9949238578680203,
    "support": 1373
  },
  "service": {
    "precision": 0.9203539823008849,
    "recall": 0.9149560117302052,
    "f1-score": 0.9176470588235294,
    "support": 341
  },
  "name": {
    "precision": 0.9390374331550803,
    "recall": 0.9271383315733897,
    "f1-score": 0.9330499468650372,
    "support": 947
  },
  "start_time": {
    "precision": 0.9791666666666666,
    "recall": 1.0,
    "f1-score": 0.9894736842105264,
    "support": 611
  },
  "micro avg": {
    "precision": 0.9721311475409836,
    "recall": 0.9757874941231782,
    "f1-score": 0.9739558892538714,
    "support": 4254
  },
  "macro avg": {
    "precision": 0.9640106519001499,
    "recall": 0.9674585382857096,
    "f1-score": 0.9656984423111676,
    "support": 4254
  },
  "weighted avg": {
    "precision": 0.9719177758768276,
    "recall": 0.9757874941231782,
    "f1-score": 0.9738202469407534,
    "support": 4254
  }
}