{
  "email": {
    "precision": 0.9789259007477906,
    "recall": 0.997920997920998,
    "f1-score": 0.9883321894303363,
    "support": 1443
  },
  "start_time": {
    "precision": 0.9823151125401929,
    "recall": 1.0,
    "f1-score": 0.9910786699107866,
    "support": 611
  },
  "dni": {
    "precision": 0.9964788732394366,
    "recall": 0.9941451990632318,
    "f1-score": 0.9953106682297772,
    "support": 854
  },
  "service": {
    "precision": 0.9118773946360154,
    "recall": 0.875,
    "f1-score": 0.8930581613508443,
    "support": 272
  },
  "name": {
    "precision": 0.9399367755532139,
    "recall": 0.9046653144016227,
    "f1-score": 0.9219638242894056,
    "support": 986
  },
  "micro avg": {
    "precision": 0.9699157641395909,
    "recall": 0.9673547767642823,
    "f1-score": 0.9686335776949886,
    "support": 4166
  },
  "macro avg": {
    "precision": 0.9619068113433299,
    "recall": 0.9543463022771705,
    "f1-score": 0.95794870264223,
    "support": 4166
  },
  "weighted avg": {
    "precision": 0.9694157173125452,
    "recall": 0.9673547767642823,
    "f1-score": 0.9682371286530196,
    "support": 4166
  }
}